 "Post ID","Post Title","Post Content","Post Excerpt","Post Status",URL,Categories,Tags,Author,"Featured Image Url","Published Date"
1,"Hello world!","<!-- wp:paragraph -->
<p>Welcome to WordPress. This is your first post. Edit or delete it, then start writing!</p>
<!-- /wp:paragraph -->","Welcome to WordPress. This is your first post. Edit or delete it, then start writing!",publish,http://localhost/rainmaker/hello-world/,Uncategorized,,admin,,"June 21, 2020"
1090,"A New Approach to Selling","Lorem ipsum dolor sit amet, consectetur adipiscing elit. Proin sed diam sapien. Sed semper urna dictum tellus lacinia vehicula. Ut volutpat, augue vel auctor tincidunt, ligula sem pharetra dui, nec tincidunt ante mauris eu diam. Phasellus viverra nisl vitae cursus euismod. <a href=""http://localhost/rainmaker/a-new-approach-to-selling/#more-1090"" class=""more-link""><span aria-label=""Continue reading A New Approach to Selling"">(more&hellip;)</span></a>","Vestibulum ante ipsum primis in faucibus orci luctus et ultrices posuere cubilia Curae; Sed aliquam, nisi quis porttitor congue, elit erat euismod orci, ac placerat dolor lectus quis orci. Phasellus consectetuer vestibulum elit.",publish,http://localhost/rainmaker/a-new-approach-to-selling/,"Post Types",,admin,http://localhost/rainmaker/wp-content/uploads/2014/01/download-6-1.png,"March 1, 2012"
1084,"Singing the Sales Blues","Lorem ipsum dolor sit amet, consectetur adipiscing elit. Proin sed diam sapien. Sed semper urna dictum tellus lacinia vehicula. Ut volutpat, augue vel auctor tincidunt, ligula sem pharetra dui, nec tincidunt ante mauris eu diam. Phasellus viverra nisl vitae cursus euismod. Suspendisse sit amet est lectus. Sed congue nunc pharetra dignissim aliquet. Fusce elementum eros aliquam, sodales nisi quis, sodales magna. Integer congue convallis adipiscing. Aliquam erat volutpat. Sed sed erat quis ligula posuere luctus commodo luctus felis. Quisque non sem a enim iaculis venenatis vitae at lorem. <a href=""http://localhost/rainmaker/singing-the-sales-blues/#more-1084"" class=""more-link""><span aria-label=""Continue reading Singing the Sales Blues"">(more&hellip;)</span></a>","Vestibulum ante ipsum primis in faucibus orci luctus et ultrices posuere cubilia Curae; In ac dui quis mi consectetuer lacinia. Nam pretium turpis et arcu. Duis arcu tortor, suscipit eget, imperdiet nec, imperdiet iaculis, ipsum.",publish,http://localhost/rainmaker/singing-the-sales-blues/,"Post Types",,admin,http://localhost/rainmaker/wp-content/uploads/2020/06/r4-1.jpg,"March 1, 2012"
1076,"What Is A Rainmaker In Sales?","In sales, a Rainmaker is known as a person who flourishes in business development and wins new deals at an impeccable rate. Rainmakers  that typically outperform every person in the organization.

Anyone serious about building their career in sales has thought about or asked, “what is a rainmaker” in sales – and how do I become one?  are equipped for top performance in life and in business, too.

They have a range of skills and abilities used to understand and form alliances, as well as challenge and push for the right outcomes to create success. Those who can make this happen are not only top performers in sales, but they can quickly climb the career ladder.","Suspendisse pulvinar, augue ac venenatis condimentum, sem libero volutpat nibh, nec pellentesque velit pede quis nunc. Vestibulum ante ipsum primis in faucibus orci luctus et ultrices posuere cubilia Curae; Fusce id purus.",publish,http://localhost/rainmaker/gallery-post-tpye/,"Latest News,Post Types",,admin,http://localhost/rainmaker/wp-content/uploads/2020/06/r2.jpg,"March 1, 2012"
88,"Post With Left Sidebar","Lorem ipsum dolor sit amet, consectetur adipiscing elit. Proin sed diam sapien. Sed semper urna dictum tellus lacinia vehicula. Ut volutpat, augue vel auctor tincidunt, ligula sem pharetra dui, nec tincidunt ante mauris eu diam. Phasellus viverra nisl vitae cursus euismod. Suspendisse sit amet est lectus.  <a href=""http://localhost/rainmaker/lorem-ipsum-dolor-sit-amet-2/#more-88"" class=""more-link""><span aria-label=""Continue reading Post With Left Sidebar"">(more&hellip;)</span></a>","Lorem ipsum dolor sit amet, consectetur adipiscing elit. Pellentesque non eleifend tellus. Ut dui velit, porttitor et accumsan ac, faucibus placerat sapien. Ut sapien erat, vulputate non ultricies id, venenatis ac mauris.",publish,http://localhost/rainmaker/lorem-ipsum-dolor-sit-amet-2/,"Another Blog Category,Latest News","company news",admin,http://localhost/rainmaker/wp-content/uploads/2014/02/sample-image.jpg,"August 23, 2011"
86,"Post With Right Sidebar","Lorem ipsum dolor sit amet, consectetur adipiscing elit. Proin sed diam sapien. Sed semper urna dictum tellus lacinia vehicula. Ut volutpat, augue vel auctor tincidunt, ligula sem pharetra dui, nec tincidunt ante mauris eu diam. Phasellus viverra nisl vitae cursus euismod. Suspendisse sit amet est lectus.  <a href=""http://localhost/rainmaker/lorem-ipsum-dolor-sit-amet/#more-86"" class=""more-link""><span aria-label=""Continue reading Post With Right Sidebar"">(more&hellip;)</span></a>","Lorem ipsum dolor sit amet, consectetur adipiscing elit.",publish,http://localhost/rainmaker/lorem-ipsum-dolor-sit-amet/,"Another Blog Category,Latest News",events,admin,http://localhost/rainmaker/wp-content/uploads/2014/02/sample-image-square.jpg,"September 11, 2010"
92,"Post Full Width Page","Lorem ipsum dolor sit amet, consectetur adipiscing elit. Proin sed diam sapien. Sed semper urna dictum tellus lacinia vehicula. Ut volutpat, augue vel auctor tincidunt, ligula sem pharetra dui, nec tincidunt ante mauris eu diam. Phasellus viverra nisl vitae cursus euismod. Suspendisse sit amet est lectus. Sed congue nunc pharetra dignissim aliquet. Fusce elementum eros aliquam, sodales nisi quis, sodales magna. Integer congue convallis adipiscing. Aliquam erat volutpat. Sed sed erat quis ligula posuere luctus commodo luctus felis. Quisque non sem a enim iaculis venenatis vitae at lorem.

<img title=""More..."" alt="""" src=""http://rttheme18.demo-rt.com/wp-includes/js/tinymce/plugins/wordpress/img/trans.gif"" />Phasellus eleifend sapien quam, ut euismod ante fringilla eget. Cras ut libero porttitor, dapibus ante non, lacinia odio. Curabitur id eros vitae elit feugiat commodo ut eu justo. Pellentesque sed porta libero, venenatis fermentum lacus. <a href=""http://localhost/rainmaker/lorem-ipsum-dolor-sit-ametlorem-ipsum-dolor-sit-amet/#more-92"" class=""more-link""><span aria-label=""Continue reading Post Full Width Page"">(more&hellip;)</span></a>","Lorem ipsum dolor sit amet, consectetur adipiscing elit. Pellentesque non eleifend tellus. Ut dui velit, porttitor et accumsan ac, faucibus placerat sapien. Ut sapien erat, vulputate non ultricies id, venenatis ac mauris.",publish,http://localhost/rainmaker/lorem-ipsum-dolor-sit-ametlorem-ipsum-dolor-sit-amet/,"Another Blog Category,Latest News",,admin,http://localhost/rainmaker/wp-content/uploads/2014/02/sample-image.jpg,"August 23, 2010"
93,"Custom Sized &#038; Aligned Featured Images","Lorem ipsum dolor sit amet, consectetur adipiscing elit. Proin sed diam sapien. Sed semper urna dictum tellus lacinia vehicula. Ut volutpat, augue vel auctor tincidunt, ligula sem pharetra dui, nec tincidunt ante mauris eu diam. Phasellus viverra nisl vitae cursus euismod. Suspendisse sit amet est lectus. Sed congue nunc pharetra dignissim aliquet. Fusce elementum eros aliquam, sodales nisi quis, sodales magna. Integer congue convallis adipiscing. Aliquam erat volutpat. Sed sed erat quis ligula posuere luctus commodo luctus felis. Quisque non sem a enim iaculis venenatis vitae at lorem. Phasellus eleifend sapien quam, ut euismod ante fringilla eget. Cras ut libero porttitor, dapibus ante non, lacinia odio. Curabitur id eros vitae elit feugiat commodo ut eu justo. Pellentesque sed porta libero, venenatis fermentum lacus.

 <a href=""http://localhost/rainmaker/lorem-ipsum-dolor-sit-amet-3/#more-93"" class=""more-link""><span aria-label=""Continue reading Custom Sized &#038; Aligned Featured Images"">(more&hellip;)</span></a>","Lorem ipsum dolor sit amet, consectetur adipiscing elit. Pellentesque non eleifend tellus. Ut dui velit, porttitor et accumsan ac, faucibus placerat sapien. Ut sapien erat, vulputate non ultricies id, venenatis ac mauris. Morbi sit amet diam ut tortor pellentesque gravida vitae id eros. Aliquam gravida lacus massa, eu rhoncus metus. Nulla facilisi. Morbi dignissim metus nec lacus imperdiet sagittis. Nam in dolor eu risus bibendum vestibulum at vitae risus. Aliquam convallis euismod eros ac dignissim. Aliquam quis sapien sapien, quis semper felis. Aliquam tortor nulla, sodales et molestie et, euismod vel magna. Vivamus non risus id purus scelerisque rutrum. Phasellus congue lectus quis erat convallis imperdiet.",publish,http://localhost/rainmaker/lorem-ipsum-dolor-sit-amet-3/,"Another Blog Category,Latest News,Post Types",,admin,http://localhost/rainmaker/wp-content/uploads/2014/02/sample-image.jpg,"August 23, 2010"
44,"Post With a Photo Gallery","Lorem ipsum dolor sit amet, consectetur adipiscing elit. Proin sed diam sapien. Sed semper urna dictum tellus lacinia vehicula. Ut volutpat, augue vel auctor tincidunt, ligula sem pharetra dui, nec tincidunt ante mauris eu diam. Phasellus viverra nisl vitae cursus euismod.  <a href=""http://localhost/rainmaker/curabitur-laoreet-mattis-quam/#more-44"" class=""more-link""><span aria-label=""Continue reading Post With a Photo Gallery"">(more&hellip;)</span></a>","Nam ipsum risus, rutrum vitae, vestibulum eu, molestie vel, lacus. Sed augue ipsum, egestas nec, vestibulum et, malesuada adipiscing, dui.",publish,http://localhost/rainmaker/curabitur-laoreet-mattis-quam/,"Another Blog Category,Post Types",,admin,http://localhost/rainmaker/wp-content/uploads/2014/02/sample-image.jpg,"January 13, 2009"
